modo_medida,filtro,tipo_de_seqs,tipo_de_plataformas,tipo_de_modos,comparacion,r_cuadrado
counts,0,isoseq,isocall,raw,B20K80,0.7383 
counts,0,isoseq,isocall,raw,B80K20,0.6805 
counts,0,isoseq,isocall,qc,B20K80,0.7383 
counts,0,isoseq,isocall,qc,B80K20,0.6805 
counts,0,isoseq,isocall,rq,B20K80,0.7721 
counts,0,isoseq,isocall,rq,B80K20,0.7342 
counts,0,isoseq,isocall,fl,B20K80,0.7383 
counts,0,isoseq,isocall,fl,B80K20,0.6805 
counts,0,isoseq,isoseq,fl,B20K80,0.1261 
counts,0,isoseq,isoseq,fl,B80K20,0.0994 
counts,0,isoseq,isoseq,rq,B20K80,0.1334 
counts,0,isoseq,isoseq,rq,B80K20,0.1065 
counts,0,isoseq,isoseq,qc,B20K80,0.1261 
counts,0,isoseq,isoseq,qc,B80K20,0.0994 
counts,0,isoseq,bambu,raw,B20K80,0.7686 
counts,0,isoseq,bambu,raw,B80K20,0.7541 
counts,0,isoseq,bambu,qc,B20K80,0.7913 
counts,0,isoseq,bambu,qc,B80K20,0.7763 
counts,0,isoseq,isoseq,raw,B20K80,0.1261 
counts,0,isoseq,isoseq,raw,B80K20,0.0994 
counts,0,isoseq,bambu,fl,B20K80,0.7913 
counts,0,isoseq,bambu,fl,B80K20,0.7763 
counts,0,isoseq,bambu,rq,B20K80,0.8007 
counts,0,isoseq,bambu,rq,B80K20,0.7872 
counts,0,isoseq,flair,raw,B20K80,0.4346 
counts,0,isoseq,flair,raw,B80K20,0.3567 
counts,0,isoseq,flair,fl,B20K80,0.4346 
counts,0,isoseq,flair,fl,B80K20,0.3567 
counts,0,isoseq,isoquant,qc,B20K80,0.5409 
counts,0,isoseq,isoquant,qc,B80K20,0.5136 
counts,0,isoseq,flair,qc,B20K80,0.4346 
counts,0,isoseq,flair,qc,B80K20,0.3567 
counts,0,isoseq,isoquant,raw,B20K80,0.5409 
counts,0,isoseq,isoquant,raw,B80K20,0.5136 
counts,0,isoseq,isoquant,rq,B20K80,0.5913 
counts,0,isoseq,isoquant,rq,B80K20,0.5688 
counts,0,isoseq,flair,rq,B20K80,0.5494 
counts,0,isoseq,flair,rq,B80K20,0.5059 
counts,0,isoseq,isoquant,fl,B20K80,0.5409 
counts,0,isoseq,isoquant,fl,B80K20,0.5136 
counts,0,masseq,isoseq,qc,B20K80,0.0395 
counts,0,masseq,isocall,raw,B20K80,0.7618 
counts,0,masseq,isocall,qc,B20K80,0.7618 
counts,0,masseq,isocall,rq,B20K80,0.8047 
counts,0,masseq,isoseq,rq,B20K80,0.046 
counts,0,masseq,isoseq,raw,B20K80,0.0395 
counts,0,masseq,isocall,fl,B20K80,0.7618 
counts,0,masseq,bambu,raw,B20K80,0.7459 
counts,0,masseq,isoseq,fl,B20K80,0.0395 
counts,0,masseq,bambu,qc,B20K80,0.7664 
counts,0,masseq,bambu,fl,B20K80,0.7664 
counts,0,masseq,bambu,rq,B20K80,0.7824 
counts,0,masseq,isoquant,raw,B20K80,0.4595 
counts,0,masseq,flair,rq,B20K80,0.4834 
counts,0,masseq,isoquant,rq,B20K80,0.5545 
counts,0,masseq,isoquant,qc,B20K80,0.4595 
counts,0,masseq,isoquant,fl,B20K80,0.4595 
counts,0,masseq,flair,qc,B20K80,0.2713 
counts,0,masseq,flair,raw,B20K80,0.2713 
counts,0,masseq,flair,fl,B20K80,0.2713 
counts,0,ont,bambu,raw,B20K80,0.7298 
counts,0,ont,bambu,raw,B80K20,0.6955 
counts,0,ont,flair,raw,B20K80,0.2723 
counts,0,ont,flair,raw,B80K20,0.2207 
counts,0,ont,flair,qc,B20K80,0.2723 
counts,0,ont,flair,qc,B80K20,0.2207 
counts,0,ont,bambu,fl,B20K80,0.7453 
counts,0,ont,bambu,fl,B80K20,0.7289 
counts,0,ont,bambu,qc,B20K80,0.7453 
counts,0,ont,bambu,qc,B80K20,0.7289 
counts,0,ont,bambu,rq,B20K80,0.7496 
counts,0,ont,bambu,rq,B80K20,0.7354 
counts,0,ont,flair,fl,B20K80,0.2723 
counts,0,ont,flair,fl,B80K20,0.2207 
counts,0,ont,isoquant,raw,B20K80,0.4557 
counts,0,ont,isoquant,raw,B80K20,0.3835 
counts,0,ont,flair,rq,B20K80,0.3138 
counts,0,ont,flair,rq,B80K20,0.2681 
counts,0,ont,isoquant,qc,B20K80,0.4557 
counts,0,ont,isoquant,qc,B80K20,0.3835 
counts,0,ont,isoquant,fl,B20K80,0.4557 
counts,0,ont,isoquant,fl,B80K20,0.3835 
counts,0,ont,isoquant,rq,B20K80,0.4737 
counts,0,ont,isoquant,rq,B80K20,0.4072 
counts,1,isoseq,isocall,qc,B20K80,0.805 
counts,1,isoseq,isocall,qc,B80K20,0.7961 
counts,1,isoseq,isoseq,raw,B20K80,0.3257 
counts,1,isoseq,isoseq,raw,B80K20,0.3254 
counts,1,isoseq,isocall,rq,B20K80,0.8046 
counts,1,isoseq,isocall,rq,B80K20,0.7954 
counts,1,isoseq,isocall,raw,B20K80,0.805 
counts,1,isoseq,isocall,raw,B80K20,0.7961 
counts,1,isoseq,isocall,fl,B20K80,0.805 
counts,1,isoseq,isocall,fl,B80K20,0.7961 
counts,1,isoseq,isoseq,rq,B20K80,0.3269 
counts,1,isoseq,isoseq,rq,B80K20,0.3261 
counts,1,isoseq,isoseq,qc,B20K80,0.3257 
counts,1,isoseq,isoseq,qc,B80K20,0.3254 
counts,1,isoseq,isoseq,fl,B20K80,0.3257 
counts,1,isoseq,isoseq,fl,B80K20,0.3254 
counts,1,isoseq,bambu,qc,B20K80,0.8131 
counts,1,isoseq,bambu,qc,B80K20,0.813 
counts,1,isoseq,bambu,raw,B20K80,0.8086 
counts,1,isoseq,bambu,raw,B80K20,0.8112 
counts,1,isoseq,bambu,rq,B20K80,0.8132 
counts,1,isoseq,bambu,rq,B80K20,0.8127 
counts,1,isoseq,bambu,fl,B20K80,0.8131 
counts,1,isoseq,bambu,fl,B80K20,0.813 
counts,1,isoseq,flair,raw,B20K80,0.5522 
counts,1,isoseq,flair,raw,B80K20,0.528 
counts,1,isoseq,flair,rq,B20K80,0.5662 
counts,1,isoseq,flair,rq,B80K20,0.5452 
counts,1,isoseq,flair,qc,B20K80,0.5522 
counts,1,isoseq,flair,qc,B80K20,0.528 
counts,1,isoseq,flair,fl,B20K80,0.5522 
counts,1,isoseq,flair,fl,B80K20,0.528 
counts,1,isoseq,isoquant,qc,B20K80,0.6539 
counts,1,isoseq,isoquant,qc,B80K20,0.6392 
counts,1,isoseq,isoquant,raw,B20K80,0.6539 
counts,1,isoseq,isoquant,raw,B80K20,0.6392 
counts,1,isoseq,isoquant,fl,B20K80,0.6539 
counts,1,isoseq,isoquant,fl,B80K20,0.6392 
counts,1,isoseq,isoquant,rq,B20K80,0.6558 
counts,1,isoseq,isoquant,rq,B80K20,0.6412 
counts,1,masseq,isocall,raw,B20K80,0.8322 
counts,1,masseq,isoseq,qc,B20K80,0.3148 
counts,1,masseq,isocall,qc,B20K80,0.8322 
counts,1,masseq,isocall,fl,B20K80,0.8322 
counts,1,masseq,isocall,rq,B20K80,0.8322 
counts,1,masseq,isoseq,rq,B20K80,0.314 
counts,1,masseq,isoseq,fl,B20K80,0.3148 
counts,1,masseq,isoseq,raw,B20K80,0.3148 
counts,1,masseq,bambu,raw,B20K80,0.8026 
counts,1,masseq,bambu,qc,B20K80,0.8078 
counts,1,masseq,bambu,fl,B20K80,0.8078 
counts,1,masseq,bambu,rq,B20K80,0.8078 
counts,1,masseq,isoquant,raw,B20K80,0.629 
counts,1,masseq,isoquant,qc,B20K80,0.629 
counts,1,masseq,isoquant,fl,B20K80,0.629 
counts,1,masseq,flair,rq,B20K80,0.5102 
counts,1,masseq,isoquant,rq,B20K80,0.6298 
counts,1,masseq,flair,fl,B20K80,0.4933 
counts,1,masseq,flair,raw,B20K80,0.4933 
counts,1,ont,bambu,qc,B20K80,0.757 
counts,1,ont,bambu,qc,B80K20,0.7335 
counts,1,masseq,flair,qc,B20K80,0.4933 
counts,1,ont,bambu,fl,B20K80,0.757 
counts,1,ont,bambu,fl,B80K20,0.7335 
counts,1,ont,flair,raw,B20K80,0.4521 
counts,1,ont,flair,raw,B80K20,0.4078 
counts,1,ont,bambu,raw,B20K80,0.765 
counts,1,ont,bambu,raw,B80K20,0.74 
counts,1,ont,bambu,rq,B20K80,0.7513 
counts,1,ont,bambu,rq,B80K20,0.7274 
counts,1,ont,isoquant,qc,B20K80,0.5819 
counts,1,ont,isoquant,qc,B80K20,0.5398 
counts,1,ont,isoquant,raw,B20K80,0.5819 
counts,1,ont,isoquant,raw,B80K20,0.5398 
counts,1,ont,flair,qc,B20K80,0.4521 
counts,1,ont,flair,qc,B80K20,0.4078 
counts,1,ont,isoquant,fl,B20K80,0.5819 
counts,1,ont,isoquant,fl,B80K20,0.5398 
counts,1,ont,flair,rq,B20K80,0.4502 
counts,1,ont,flair,rq,B80K20,0.4044 
counts,1,ont,flair,fl,B20K80,0.4521 
counts,1,ont,flair,fl,B80K20,0.4078 
counts,1,ont,isoquant,rq,B20K80,0.5697 
counts,1,ont,isoquant,rq,B80K20,0.5251 
counts,2,isoseq,isocall,raw,B20K80,0.8046 
counts,2,isoseq,isocall,raw,B80K20,0.7954 
counts,2,isoseq,isoseq,fl,B20K80,0.3143 
counts,2,isoseq,isoseq,fl,B80K20,0.3139 
counts,2,isoseq,isoseq,qc,B20K80,0.3143 
counts,2,isoseq,isoseq,qc,B80K20,0.3139 
counts,2,isoseq,isoseq,rq,B20K80,0.3155 
counts,2,isoseq,isoseq,rq,B80K20,0.3147 
counts,2,isoseq,isocall,fl,B20K80,0.8046 
counts,2,isoseq,isocall,fl,B80K20,0.7954 
counts,2,isoseq,isocall,qc,B20K80,0.8046 
counts,2,isoseq,isocall,qc,B80K20,0.7954 
counts,2,isoseq,isocall,rq,B20K80,0.8043 
counts,2,isoseq,isocall,rq,B80K20,0.7948 
counts,2,isoseq,isoseq,raw,B20K80,0.3143 
counts,2,isoseq,isoseq,raw,B80K20,0.3139 
counts,2,isoseq,bambu,raw,B20K80,0.8159 
counts,2,isoseq,bambu,raw,B80K20,0.8221 
counts,2,isoseq,bambu,fl,B20K80,0.8153 
counts,2,isoseq,bambu,fl,B80K20,0.82 
counts,2,isoseq,bambu,rq,B20K80,0.8156 
counts,2,isoseq,bambu,rq,B80K20,0.8198 
counts,2,isoseq,bambu,qc,B20K80,0.8153 
counts,2,isoseq,bambu,qc,B80K20,0.82 
counts,2,isoseq,flair,rq,B20K80,0.5649 
counts,2,isoseq,flair,rq,B80K20,0.5435 
counts,2,isoseq,flair,qc,B20K80,0.5508 
counts,2,isoseq,flair,qc,B80K20,0.5263 
counts,2,isoseq,isoquant,raw,B20K80,0.6154 
counts,2,isoseq,isoquant,raw,B80K20,0.6007 
counts,2,isoseq,flair,raw,B20K80,0.5508 
counts,2,isoseq,flair,raw,B80K20,0.5263 
counts,2,isoseq,flair,fl,B20K80,0.5508 
counts,2,isoseq,flair,fl,B80K20,0.5263 
counts,2,isoseq,isoquant,qc,B20K80,0.6154 
counts,2,isoseq,isoquant,qc,B80K20,0.6007 
counts,2,isoseq,isoquant,fl,B20K80,0.6154 
counts,2,isoseq,isoquant,fl,B80K20,0.6007 
counts,2,isoseq,isoquant,rq,B20K80,0.6176 
counts,2,isoseq,isoquant,rq,B80K20,0.6029 
counts,2,masseq,isocall,qc,B20K80,0.831 
counts,2,masseq,isocall,raw,B20K80,0.831 
counts,2,masseq,isocall,fl,B20K80,0.831 
counts,2,masseq,isoseq,qc,B20K80,0.2888 
counts,2,masseq,isocall,rq,B20K80,0.8312 
counts,2,masseq,isoseq,rq,B20K80,0.2882 
counts,2,masseq,isoseq,raw,B20K80,0.2888 
counts,2,masseq,bambu,qc,B20K80,0.8218 
counts,2,masseq,isoseq,fl,B20K80,0.2888 
counts,2,masseq,bambu,raw,B20K80,0.8197 
counts,2,masseq,bambu,fl,B20K80,0.8218 
counts,2,masseq,bambu,rq,B20K80,0.8219 
counts,2,masseq,isoquant,qc,B20K80,0.5933 
counts,2,masseq,isoquant,rq,B20K80,0.5941 
counts,2,masseq,flair,rq,B20K80,0.5059 
counts,2,masseq,isoquant,raw,B20K80,0.5933 
counts,2,masseq,isoquant,fl,B20K80,0.5933 
counts,2,ont,bambu,raw,B20K80,0.7779 
counts,2,ont,bambu,raw,B80K20,0.7564 
counts,2,ont,bambu,qc,B20K80,0.7593 
counts,2,ont,bambu,qc,B80K20,0.7403 
counts,2,masseq,flair,fl,B20K80,0.4894 
counts,2,ont,bambu,fl,B20K80,0.7593 
counts,2,ont,bambu,fl,B80K20,0.7403 
counts,2,masseq,flair,raw,B20K80,0.4894 
counts,2,ont,flair,raw,B20K80,0.4513 
counts,2,ont,flair,raw,B80K20,0.405 
counts,2,masseq,flair,qc,B20K80,0.4894 
counts,2,ont,bambu,rq,B20K80,0.7531 
counts,2,ont,bambu,rq,B80K20,0.7328 
counts,2,ont,isoquant,raw,B20K80,0.5388 
counts,2,ont,isoquant,raw,B80K20,0.489 
counts,2,ont,isoquant,qc,B20K80,0.5388 
counts,2,ont,isoquant,qc,B80K20,0.489 
counts,2,ont,flair,fl,B20K80,0.4513 
counts,2,ont,flair,fl,B80K20,0.405 
counts,2,ont,isoquant,fl,B20K80,0.5388 
counts,2,ont,isoquant,fl,B80K20,0.489 
counts,2,ont,flair,qc,B20K80,0.4513 
counts,2,ont,flair,qc,B80K20,0.405 
counts,2,ont,flair,rq,B20K80,0.4497 
counts,2,ont,flair,rq,B80K20,0.402 
counts,2,ont,isoquant,rq,B20K80,0.5248 
counts,2,ont,isoquant,rq,B80K20,0.4717 
counts,3,isoseq,isoseq,raw,B20K80,0.826 
counts,3,isoseq,isoseq,raw,B80K20,0.8271 
counts,3,isoseq,isoseq,fl,B20K80,0.826 
counts,3,isoseq,isoseq,fl,B80K20,0.8271 
counts,3,isoseq,isoseq,qc,B20K80,0.826 
counts,3,isoseq,isoseq,qc,B80K20,0.8271 
counts,3,isoseq,isocall,qc,B20K80,0.9598 
counts,3,isoseq,isocall,qc,B80K20,0.9544 
counts,3,isoseq,isocall,rq,B20K80,0.9596 
counts,3,isoseq,isocall,rq,B80K20,0.9542 
counts,3,isoseq,isoseq,rq,B20K80,0.8263 
counts,3,isoseq,isoseq,rq,B80K20,0.8271 
counts,3,isoseq,isocall,raw,B20K80,0.9598 
counts,3,isoseq,isocall,raw,B80K20,0.9544 
counts,3,isoseq,isocall,fl,B20K80,0.9598 
counts,3,isoseq,isocall,fl,B80K20,0.9544 
counts,3,isoseq,bambu,raw,B20K80,0.9226 
counts,3,isoseq,bambu,raw,B80K20,0.9207 
counts,3,isoseq,bambu,qc,B20K80,0.9366 
counts,3,isoseq,bambu,qc,B80K20,0.9355 
counts,3,isoseq,bambu,rq,B20K80,0.9365 
counts,3,isoseq,bambu,rq,B80K20,0.9353 
counts,3,isoseq,bambu,fl,B20K80,0.9366 
counts,3,isoseq,bambu,fl,B80K20,0.9355 
counts,3,isoseq,flair,raw,B20K80,0.939 
counts,3,isoseq,flair,raw,B80K20,0.9401 
counts,3,isoseq,flair,qc,B20K80,0.939 
counts,3,isoseq,flair,qc,B80K20,0.9401 
counts,3,isoseq,isoquant,qc,B20K80,0.9315 
counts,3,isoseq,isoquant,qc,B80K20,0.9308 
counts,3,isoseq,isoquant,fl,B20K80,0.9315 
counts,3,isoseq,isoquant,fl,B80K20,0.9308 
counts,3,isoseq,isoquant,rq,B20K80,0.9311 
counts,3,isoseq,isoquant,rq,B80K20,0.9305 
counts,3,isoseq,flair,fl,B20K80,0.939 
counts,3,isoseq,flair,fl,B80K20,0.9401 
counts,3,isoseq,isoquant,raw,B20K80,0.9315 
counts,3,isoseq,isoquant,raw,B80K20,0.9308 
counts,3,isoseq,flair,rq,B20K80,0.9394 
counts,3,isoseq,flair,rq,B80K20,0.9406 
counts,3,masseq,isoseq,raw,B20K80,0.7987 
counts,3,masseq,isocall,rq,B20K80,0.9877 
counts,3,masseq,isoseq,qc,B20K80,0.7987 
counts,3,masseq,isocall,raw,B20K80,0.9876 
counts,3,masseq,isoseq,rq,B20K80,0.7983 
counts,3,masseq,isoseq,fl,B20K80,0.7987 
counts,3,masseq,isocall,fl,B20K80,0.9876 
counts,3,masseq,isocall,qc,B20K80,0.9876 
counts,3,masseq,bambu,qc,B20K80,0.9497 
counts,3,masseq,bambu,rq,B20K80,0.9495 
counts,3,masseq,bambu,raw,B20K80,0.8821 
counts,3,masseq,bambu,fl,B20K80,0.9497 
counts,3,masseq,isoquant,raw,B20K80,0.9448 
counts,3,masseq,isoquant,qc,B20K80,0.9448 
counts,3,masseq,flair,rq,B20K80,0.9502 
counts,3,masseq,isoquant,fl,B20K80,0.9448 
counts,3,masseq,isoquant,rq,B20K80,0.9445 
counts,3,masseq,flair,fl,B20K80,0.9495 
counts,3,ont,bambu,qc,B20K80,0.9081 
counts,3,ont,bambu,qc,B80K20,0.9041 
counts,3,ont,bambu,fl,B20K80,0.9081 
counts,3,ont,bambu,fl,B80K20,0.9041 
counts,3,masseq,flair,raw,B20K80,0.9495 
counts,3,ont,bambu,rq,B20K80,0.9042 
counts,3,ont,bambu,rq,B80K20,0.9 
counts,3,masseq,flair,qc,B20K80,0.9495 
counts,3,ont,bambu,raw,B20K80,0.8933 
counts,3,ont,bambu,raw,B80K20,0.8775 
counts,3,ont,flair,raw,B20K80,0.9017 
counts,3,ont,flair,raw,B80K20,0.9069 
counts,3,ont,flair,qc,B20K80,0.9017 
counts,3,ont,flair,qc,B80K20,0.9069 
counts,3,ont,isoquant,raw,B20K80,0.8789 
counts,3,ont,isoquant,raw,B80K20,0.8837 
counts,3,ont,isoquant,qc,B20K80,0.8789 
counts,3,ont,isoquant,qc,B80K20,0.8837 
counts,3,ont,isoquant,rq,B20K80,0.8702 
counts,3,ont,isoquant,rq,B80K20,0.8755 
counts,3,ont,flair,fl,B20K80,0.9017 
counts,3,ont,flair,fl,B80K20,0.9069 
counts,3,ont,flair,rq,B20K80,0.9028 
counts,3,ont,flair,rq,B80K20,0.9079 
counts,3,ont,isoquant,fl,B20K80,0.8789 
counts,3,ont,isoquant,fl,B80K20,0.8837 
TPM,0,isoseq,isocall,raw,B20K80,0.8238 
TPM,0,isoseq,isocall,raw,B80K20,0.7802 
TPM,0,isoseq,isocall,qc,B20K80,0.8238 
TPM,0,isoseq,isocall,qc,B80K20,0.7802 
TPM,0,isoseq,isocall,rq,B20K80,0.8416 
TPM,0,isoseq,isocall,rq,B80K20,0.8107 
TPM,0,isoseq,isocall,fl,B20K80,0.8238 
TPM,0,isoseq,isocall,fl,B80K20,0.7802 
TPM,0,isoseq,isoseq,fl,B20K80,0.1785 
TPM,0,isoseq,isoseq,fl,B80K20,0.1511 
TPM,0,isoseq,isoseq,rq,B20K80,0.185 
TPM,0,isoseq,isoseq,rq,B80K20,0.1577 
TPM,0,isoseq,isoseq,qc,B20K80,0.1785 
TPM,0,isoseq,isoseq,qc,B80K20,0.1511 
TPM,0,isoseq,isoseq,raw,B20K80,0.1785 
TPM,0,isoseq,isoseq,raw,B80K20,0.1511 
TPM,0,isoseq,bambu,raw,B20K80,0.8574 
TPM,0,isoseq,bambu,raw,B80K20,0.8416 
TPM,0,isoseq,bambu,qc,B20K80,0.8671 
TPM,0,isoseq,bambu,qc,B80K20,0.8519 
TPM,0,isoseq,flair,raw,B20K80,0.5247 
TPM,0,isoseq,flair,raw,B80K20,0.4575 
TPM,0,isoseq,flair,qc,B20K80,0.5247 
TPM,0,isoseq,flair,qc,B80K20,0.4575 
TPM,0,isoseq,bambu,fl,B20K80,0.8671 
TPM,0,isoseq,bambu,fl,B80K20,0.8519 
TPM,0,isoseq,bambu,rq,B20K80,0.8709 
TPM,0,isoseq,bambu,rq,B80K20,0.8568 
TPM,0,isoseq,isoquant,raw,B20K80,0.6315 
TPM,0,isoseq,isoquant,raw,B80K20,0.5986 
TPM,0,isoseq,isoquant,qc,B20K80,0.6315 
TPM,0,isoseq,isoquant,qc,B80K20,0.5986 
TPM,0,isoseq,flair,rq,B20K80,0.6146 
TPM,0,isoseq,flair,rq,B80K20,0.5762 
TPM,0,isoseq,flair,fl,B20K80,0.5247 
TPM,0,isoseq,flair,fl,B80K20,0.4575 
TPM,0,isoseq,isoquant,fl,B20K80,0.6315 
TPM,0,isoseq,isoquant,fl,B80K20,0.5986 
TPM,0,isoseq,isoquant,rq,B20K80,0.6654 
TPM,0,isoseq,isoquant,rq,B80K20,0.6373 
TPM,0,masseq,isocall,qc,B20K80,0.9469 
TPM,0,masseq,isocall,raw,B20K80,0.9469 
TPM,0,masseq,isoseq,raw,B20K80,0.2263 
TPM,0,masseq,isocall,rq,B20K80,0.9523 
TPM,0,masseq,isoseq,fl,B20K80,0.2263 
TPM,0,masseq,isoseq,rq,B20K80,0.2312 
TPM,0,masseq,isoseq,qc,B20K80,0.2263 
TPM,0,masseq,isocall,fl,B20K80,0.9469 
TPM,0,masseq,bambu,raw,B20K80,0.9222 
TPM,0,masseq,bambu,qc,B20K80,0.9244 
TPM,0,masseq,bambu,rq,B20K80,0.9264 
TPM,0,masseq,bambu,fl,B20K80,0.9244 
TPM,0,masseq,isoquant,raw,B20K80,0.7188 
TPM,0,masseq,flair,rq,B20K80,0.6514 
TPM,0,masseq,isoquant,fl,B20K80,0.7188 
TPM,0,masseq,isoquant,qc,B20K80,0.7188 
TPM,0,masseq,isoquant,rq,B20K80,0.7492 
TPM,0,masseq,flair,raw,B20K80,0.5425 
TPM,0,masseq,flair,qc,B20K80,0.5425 
TPM,0,masseq,flair,fl,B20K80,0.5425 
TPM,0,ont,flair,raw,B20K80,0.3718 
TPM,0,ont,flair,raw,B80K20,0.3091 
TPM,0,ont,flair,qc,B20K80,0.3718 
TPM,0,ont,flair,qc,B80K20,0.3091 
TPM,0,ont,bambu,qc,B20K80,0.8331 
TPM,0,ont,bambu,qc,B80K20,0.8096 
TPM,0,ont,bambu,rq,B20K80,0.8288 
TPM,0,ont,bambu,rq,B80K20,0.807 
TPM,0,ont,bambu,fl,B20K80,0.8331 
TPM,0,ont,bambu,fl,B80K20,0.8096 
TPM,0,ont,bambu,raw,B20K80,0.8332 
TPM,0,ont,bambu,raw,B80K20,0.797 
TPM,0,ont,flair,fl,B20K80,0.3718 
TPM,0,ont,flair,fl,B80K20,0.3091 
TPM,0,ont,flair,rq,B20K80,0.4013 
TPM,0,ont,flair,rq,B80K20,0.3456 
TPM,0,ont,isoquant,raw,B20K80,0.5453 
TPM,0,ont,isoquant,raw,B80K20,0.4643 
TPM,0,ont,isoquant,fl,B20K80,0.5453 
TPM,0,ont,isoquant,fl,B80K20,0.4643 
TPM,0,ont,isoquant,qc,B20K80,0.5453 
TPM,0,ont,isoquant,qc,B80K20,0.4643 
TPM,0,ont,isoquant,rq,B20K80,0.5432 
TPM,0,ont,isoquant,rq,B80K20,0.4662 
TPM,1,isoseq,isoseq,qc,B20K80,0.2412 
TPM,1,isoseq,isoseq,qc,B80K20,0.2404 
TPM,1,isoseq,isoseq,fl,B20K80,0.2412 
TPM,1,isoseq,isoseq,fl,B80K20,0.2404 
TPM,1,isoseq,isocall,raw,B20K80,0.8727 
TPM,1,isoseq,isocall,raw,B80K20,0.871 
TPM,1,isoseq,isoseq,raw,B20K80,0.2412 
TPM,1,isoseq,isoseq,raw,B80K20,0.2404 
TPM,1,isoseq,isocall,qc,B20K80,0.8727 
TPM,1,isoseq,isocall,qc,B80K20,0.871 
TPM,1,isoseq,isoseq,rq,B20K80,0.2425 
TPM,1,isoseq,isoseq,rq,B80K20,0.2426 
TPM,1,isoseq,isocall,fl,B20K80,0.8727 
TPM,1,isoseq,isocall,fl,B80K20,0.871 
TPM,1,isoseq,isocall,rq,B20K80,0.871 
TPM,1,isoseq,isocall,rq,B80K20,0.8643 
TPM,1,isoseq,bambu,qc,B20K80,0.8742 
TPM,1,isoseq,bambu,qc,B80K20,0.8713 
TPM,1,isoseq,bambu,fl,B20K80,0.8742 
TPM,1,isoseq,bambu,fl,B80K20,0.8713 
TPM,1,isoseq,bambu,raw,B20K80,0.8744 
TPM,1,isoseq,bambu,raw,B80K20,0.8719 
